0,1,2,3,4,5
Suzuki Alto Sport 2007,"87,000 km","Kurunegala, Cars","Rs 2,265,000",3 hours,https://ikman.lk/en/ad/suzuki-alto-sport-2007-for-sale-kurunegala-5
Suzuki Alto 2002,"175,000 km","Gampaha, Cars","Rs 2,800,000",5 hours,https://ikman.lk/en/ad/suzuki-alto-auto-gear-2002-for-sale-gampaha
Suzuki Alto 2017,"72,450 km","Colombo, Cars","Rs 5,465,000",6 hours,https://ikman.lk/en/ad/suzuki-alto-2017-for-sale-colombo-951
Suzuki Alto 800Lxi 2014,"125,000 km","Kandy, Cars","Rs 3,250,000",12 hours,https://ikman.lk/en/ad/suzuki-alto-800lxi-2014-for-sale-kandy-5
Suzuki Alto 2015,"65,000 km","Gampaha, Cars","Rs 3,340,000",13 hours,https://ikman.lk/en/ad/suzuki-alto-2015-for-sale-gampaha-4586
Suzuki Alto 2015,"128,000 km","Matara, Cars","Rs 3,255,000",14 hours,https://ikman.lk/en/ad/suzuki-alto-2015-for-sale-matara-1176
Suzuki Alto LXI 2015,"77,780 km","Kegalle, Cars","Rs 3,375,000",16 hours,https://ikman.lk/en/ad/suzuki-alto-lxi-2015-for-sale-kegalle-39
Suzuki Alto japan 2016,"57,000 km","Gampaha, Cars","Rs 5,490,000",16 hours,https://ikman.lk/en/ad/suzuki-alto-japan-2016-for-sale-gampaha-199
Maruti Suzuki Alto 2011,"141,009 km","Kurunegala, Cars","Rs 2,550,000",1 day,https://ikman.lk/en/ad/maruti-suzuki-alto-2011-for-sale-kurunegala
Maruti Suzuki Alto 2015,"113,451 km","Colombo, Cars","Rs 3,275,000",1 day,https://ikman.lk/en/ad/maruti-suzuki-alto-2015-for-sale-colombo-442
Suzuki Alto Special Edition 2004,"199,000 km","Matara, Cars","Rs 2,375,000",1 day,https://ikman.lk/en/ad/suzuki-alto-special-edition-2004-for-sale-matara
Suzuki Alto Sport 2010,"90,000 km","Gampaha, Cars","Rs 2,600,000",2 days,https://ikman.lk/en/ad/suzuki-alto-sport-2010-for-sale-gampaha-178
Suzuki Alto 2004,"117,000 km","Colombo, Cars","Rs 3,250,000",2 days,https://ikman.lk/en/ad/suzuki-alto-2004-for-sale-colombo-538
Suzuki Alto 2005,"97,000 km","Gampaha, Cars","Rs 2,250,000",2 days,https://ikman.lk/en/ad/suzuki-alto-2005-for-sale-gampaha-170
Suzuki Alto 2017,"78,000 km","Colombo, Cars","Rs 5,500,000",2 days,https://ikman.lk/en/ad/suzuki-alto-2017-for-sale-colombo-950
Suzuki Alto Japan 2016,"102,000 km","Colombo, Cars","Rs 5,395,000",2 days,https://ikman.lk/en/ad/suzuki-alto-japan-2016-for-sale-colombo-589
Suzuki Alto LXi800 2015,"79,000 km","Gampaha, Cars","Rs 3,325,000",2 days,https://ikman.lk/en/ad/suzuki-alto-lxi800-2015-for-sale-gampaha-5
Suzuki Alto 2015,"30,100 km","Gampaha, Cars","Rs 3,500,000",4 days,https://ikman.lk/en/ad/suzuki-alto-2015-for-sale-gampaha-4583
Suzuki Alto K10 2016,"107,521 km","Ratnapura, Cars","Rs 4,250,000",4 days,https://ikman.lk/en/ad/suzuki-alto-k10-2016-for-sale-ratnapura
Suzuki Alto 2015,"98,000 km","Colombo, Cars","Rs 3,300,000",4 days,https://ikman.lk/en/ad/suzuki-alto-2015-for-sale-colombo-8047
Suzuki Alto 2018,"25,000 km","Colombo, Cars","Rs 6,400,000",4 days,https://ikman.lk/en/ad/suzuki-alto-2018-for-sale-colombo-207
Suzuki Alto 800 2015,"65,282 km","Gampaha, Cars","Rs 3,325,000",5 days,https://ikman.lk/en/ad/suzuki-alto-800-2015-for-sale-gampaha-1090
Suzuki Alto 2017,"79,000 km","Gampaha, Cars","Rs 5,790,000",6 days,https://ikman.lk/en/ad/suzuki-alto-2017-for-sale-gampaha-470
Suzuki Alto Japan 2016,"110,000 km","Colombo, Cars","Rs 5,285,000",6 days,https://ikman.lk/en/ad/suzuki-alto-japan-2016-for-sale-colombo-588
Suzuki Alto 2015,"64,847 km","Jaffna, Cars","Rs 4,475,000",6 days,https://ikman.lk/en/ad/suzuki-alto-k10-2015-for-sale-jaffna
Suzuki Alto (Japan) 2004,"133,000 km","Colombo, Cars","Rs 3,150,000",6 days,https://ikman.lk/en/ad/suzuki-alto-japan-2004-for-sale-colombo-467
Suzuki Alto AUTOMATIC 2016,"125,341 km","Gampaha, Cars","Rs 5,290,000",8 days,https://ikman.lk/en/ad/suzuki-alto-automatic-2016-for-sale-gampaha
Suzuki Alto 2015,"88,000 km","Colombo, Cars","Rs 3,250,000",8 days,https://ikman.lk/en/ad/suzuki-alto-2015-for-sale-colombo-8042
Suzuki Alto 800 2014,"75,485 km","Gampaha, Cars","Rs 3,195,000",11 days,https://ikman.lk/en/ad/suzuki-alto-800-2014-for-sale-gampaha-88
Suzuki Alto K10 Auto 2016,"70,000 km","Kalutara, Cars","Rs 4,550,000",12 days,https://ikman.lk/en/ad/suzuki-alto-k10-auto-2016-for-sale-kalutara
Maruti Suzuki Alto 2005,"81,000 km","Jaffna, Cars","Rs 1,750,000",13 days,https://ikman.lk/en/ad/maruti-suzuki-alto-2005-for-sale-jaffna
Suzuki Alto L Grade 2016,"81,860 km","Colombo, Cars","Rs 5,375,000",13 days,https://ikman.lk/en/ad/suzuki-alto-l-grade-2016-for-sale-colombo-4
Suzuki Alto 2016,"96,530 km","Colombo, Cars","Rs 5,275,000",14 days,https://ikman.lk/en/ad/suzuki-alto-2016-for-sale-colombo-1475
Suzuki Alto 2014,"80,000 km","Kandy, Cars","Rs 4,900,000",14 days,https://ikman.lk/en/ad/suzuki-alto-2014-for-sale-kandy-105
Suzuki Alto 2017,"76,950 km","Ratnapura, Cars","Rs 3,775,000",15 days,https://ikman.lk/en/ad/suzuki-alto-2017-for-sale-ratnapura-1
Suzuki Alto 2015,"170,000 km","Colombo, Cars","Rs 3,400,000",15 days,https://ikman.lk/en/ad/suzuki-alto-2015-for-sale-colombo-8037
Suzuki Alto 800 2014,"64,153 km","Gampaha, Cars","Rs 3,195,000",16 days,https://ikman.lk/en/ad/suzuki-alto-800-2014-for-sale-gampaha-87
Suzuki Alto 800 2011,"106,000 km","Gampaha, Cars","Rs 2,640,000",16 days,https://ikman.lk/en/ad/suzuki-alto-800-2011-for-sale-gampaha-59
Suzuki Alto LXI 2014,"100,000 km","Colombo, Cars","Rs 2,975,000",16 days,https://ikman.lk/en/ad/suzuki-alto-lxi-2014-for-sale-colombo-211
Suzuki Alto 2016,"55,445 km","Jaffna, Cars","Rs 4,350,000",17 days,https://ikman.lk/en/ad/suzuki-alto-2016-for-sale-jaffna-32
Suzuki Alto 2006,"140,000 km","Ratnapura, Cars","Rs 2,450,000",17 days,https://ikman.lk/en/ad/suzuki-alto-800-2006-for-sale-ratnapura
Suzuki Alto Japan 2010,"93,000 km","Gampaha, Cars","Rs 4,375,000",17 days,https://ikman.lk/en/ad/suzuki-alto-japan-2010-for-sale-gampaha-17
Suzuki Alto 2017,"88,142 km","Colombo, Cars","Rs 5,490,000",18 days,https://ikman.lk/en/ad/suzuki-alto-2017-for-sale-colombo-946
Maruti Suzuki Alto A star 2012,"48,000 km","Kurunegala, Cars","Rs 4,400,000",18 days,https://ikman.lk/en/ad/maruti-suzuki-alto-a-star-2012-for-sale-kurunegala
Suzuki Alto lxi 2007,"115,000 km","Kurunegala, Cars","Rs 2,365,000",18 days,https://ikman.lk/en/ad/suzuki-alto-lxi-2007-for-sale-kurunegala
Suzuki Alto 800 2015,"62,225 km","Gampaha, Cars","Rs 3,325,000",19 days,https://ikman.lk/en/ad/suzuki-alto-800-2015-for-sale-gampaha-1089
Suzuki Alto 800 2014,"131,260 km","Gampaha, Cars","Rs 3,195,000",19 days,https://ikman.lk/en/ad/suzuki-alto-800-2014-for-sale-gampaha-86
Suzuki Alto 2016,"98,000 km","Matara, Cars","Rs 3,450,000",19 days,https://ikman.lk/en/ad/suzuki-alto-2016-for-sale-matara-46
Suzuki Alto LXI KK- 2011,"142,000 km","Colombo, Cars","Rs 2,550,000",19 days,https://ikman.lk/en/ad/suzuki-alto-lxi-kk-2011-for-sale-colombo
Suzuki Alto LXI 2015,"69,000 km","Ampara, Cars","Rs 3,275,000",20 days,https://ikman.lk/en/ad/suzuki-alto-lxi-2015-for-sale-ampara-4
Suzuki Alto 2016,"89,000 km","Matara, Cars","Rs 5,150,000",21 days,https://ikman.lk/en/ad/suzuki-alto-2016-for-sale-matara-45
Suzuki Alto LXI KP- 2011,"80,000 km","Colombo, Cars","Rs 2,575,000",21 days,https://ikman.lk/en/ad/suzuki-alto-lxi-kp-2011-for-sale-colombo
Suzuki Alto 2012,"110,000 km","Galle, Cars","Rs 2,525,000",22 days,https://ikman.lk/en/ad/suzuki-alto-2012-for-sale-galle-6
Suzuki Alto 2006,"167,000 km","Gampaha, Cars","Rs 2,450,000",22 days,https://ikman.lk/en/ad/suzuki-alto-2006-for-sale-gampaha-699
Suzuki Alto Japan 2018,"80,000 km","Gampaha, Cars","Rs 5,850,000",22 days,https://ikman.lk/en/ad/suzuki-alto-japan-2018-for-sale-gampaha-20
Suzuki Alto 800 2015,"56,875 km","Gampaha, Cars","Rs 3,250,000",23 days,https://ikman.lk/en/ad/suzuki-alto-800-2015-for-sale-gampaha-1087
Suzuki Alto 800 2015,"63,200 km","Kandy, Cars","Rs 3,300,000",23 days,https://ikman.lk/en/ad/suzuki-alto-800-2015-for-sale-kandy-261
Suzuki Alto 2017,"63,464 km","Colombo, Cars","Rs 5,365,000",24 days,https://ikman.lk/en/ad/suzuki-alto-2017-for-sale-colombo-941
Suzuki Alto 800 2015,"63,412 km","Gampaha, Cars","Rs 3,250,000",26 days,https://ikman.lk/en/ad/suzuki-alto-800-2015-for-sale-gampaha-1086
Suzuki Alto 800 2010,"67,125 km","Gampaha, Cars","Rs 2,595,000",26 days,https://ikman.lk/en/ad/suzuki-alto-800-2010-for-sale-gampaha-25
Suzuki Alto 2016,"110,000 km","Colombo, Cars","Rs 5,285,000",27 days,https://ikman.lk/en/ad/suzuki-alto-2016-for-sale-colombo-1471
Suzuki Alto K10 2012,"115,000 km","Gampaha, Cars","Rs 2,995,000",28 days,https://ikman.lk/en/ad/suzuki-alto-k10-2012-for-sale-gampaha-134
Suzuki Alto 2016,"80,828 km","Colombo, Cars","Rs 5,490,000",29 days,https://ikman.lk/en/ad/suzuki-alto-2016-for-sale-colombo-1470
Suzuki Alto 2016,"110,000 km","Colombo, Cars","Rs 5,285,000",29 days,https://ikman.lk/en/ad/suzuki-alto-2016-for-sale-colombo-1473
Suzuki Alto 800 2015,"63,214 km","Gampaha, Cars","Rs 3,250,000",30 days,https://ikman.lk/en/ad/suzuki-alto-800-2015-for-sale-gampaha-1084
Suzuki Alto UNREGISTERED 2017,"12,000 km","Gampaha, Cars","Rs 6,485,000",30 days,https://ikman.lk/en/ad/suzuki-alto-unregistered-2017-for-sale-gampaha-7
Suzuki Alto 2011,"133,500 km","Gampaha, Cars","Rs 2,600,000",30 days,https://ikman.lk/en/ad/suzuki-alto-2011-for-sale-gampaha-1381
Suzuki Alto 2017,"67,000 km","Colombo, Cars","Rs 5,385,000",30 days,https://ikman.lk/en/ad/suzuki-alto-2017-for-sale-colombo-949
Suzuki Alto 800 2010,"63,541 km","Gampaha, Cars","Rs 2,595,000",32 days,https://ikman.lk/en/ad/suzuki-alto-800-2010-for-sale-gampaha-24
Suzuki Alto 800 2015,"51,423 km","Gampaha, Cars","Rs 3,250,000",33 days,https://ikman.lk/en/ad/suzuki-alto-800-2015-for-sale-gampaha-1082
Suzuki Alto 800 2010,"63,254 km","Gampaha, Cars","Rs 2,595,000",34 days,https://ikman.lk/en/ad/suzuki-alto-800-2010-for-sale-gampaha-23
Suzuki Alto 800 2015,"53,964 km","Gampaha, Cars","Rs 3,250,000",35 days,https://ikman.lk/en/ad/suzuki-alto-800-2015-for-sale-gampaha-1080
Suzuki Alto 800 2010,"68,261 km","Gampaha, Cars","Rs 2,595,000",35 days,https://ikman.lk/en/ad/suzuki-alto-800-2010-for-sale-gampaha-22
Suzuki Alto 2015,"75,500 km","Batticaloa, Cars","Rs 3,150,000",36 days,https://ikman.lk/en/ad/suzuki-alto-2015-for-sale-batticaloa-24
Suzuki Alto K-10 2015,"77,993 km","Colombo, Cars","Rs 4,190,000",37 days,https://ikman.lk/en/ad/suzuki-alto-k-10-2015-for-sale-colombo-16
Maruti Suzuki Alto 2015,"71,472 km","Colombo, Cars","Rs 3,495,000",37 days,https://ikman.lk/en/ad/maruti-suzuki-alto-2015-for-sale-colombo-440
Suzuki Alto Japan RS TURBO 2015,"84,000 km","Kalutara, Cars","Rs 6,200,000",38 days,https://ikman.lk/en/ad/suzuki-alto-japan-rs-turbo-2015-for-sale-kalutara
Suzuki Alto 2015,"117,000 km","Hambantota, Cars","Rs 3,540,000",38 days,https://ikman.lk/en/ad/suzuki-alto-2015-k10-for-sale-hambantota
Suzuki Alto 800 2015,"73,214 km","Gampaha, Cars","Rs 3,250,000",38 days,https://ikman.lk/en/ad/suzuki-alto-800-2015-for-sale-gampaha-1079
Suzuki Alto 800 2010,"65,214 km","Gampaha, Cars","Rs 2,595,000",38 days,https://ikman.lk/en/ad/suzuki-alto-800-2010-for-sale-gampaha-21
Maruti Suzuki Alto K-10 2015,"57,509 km","Colombo, Cars","Rs 4,190,000",40 days,https://ikman.lk/en/ad/maruti-suzuki-alto-k-10-2015-for-sale-colombo-1
Suzuki Alto 800 2010,"67,451 km","Gampaha, Cars","Rs 2,595,000",40 days,https://ikman.lk/en/ad/suzuki-alto-800-2010-for-sale-gampaha-20
Suzuki Alto 2015,"82,000 km","Gampaha, Cars","Rs 3,250,000",40 days,https://ikman.lk/en/ad/suzuki-alto-2015-for-sale-gampaha-4572
Suzuki Alto 800 2015,"68,754 km","Gampaha, Cars","Rs 3,250,000",40 days,https://ikman.lk/en/ad/suzuki-alto-800-2015-for-sale-gampaha-1078
Suzuki Alto 2016,"110,000 km","Colombo, Cars","Rs 5,285,000",40 days,https://ikman.lk/en/ad/suzuki-alto-2016-for-sale-colombo-1468
Suzuki Alto LXI CAI- 2015,"120,000 km","Colombo, Cars","Rs 3,085,000",40 days,https://ikman.lk/en/ad/suzuki-alto-lxi-cai-2015-for-sale-colombo
Suzuki Alto 2015,"72,000 km","Puttalam, Cars","Rs 3,250,000",41 days,https://ikman.lk/en/ad/suzuki-alto-800xl-2015-for-sale-puttalam
Suzuki Alto 2015,"87,880 km","Gampaha, Cars","Rs 3,200,000",41 days,https://ikman.lk/en/ad/suzuki-alto-2015-for-sale-gampaha-4574
Suzuki Alto 2018,"13,095 km","Kalutara, Cars","Rs 4,080,000",42 days,https://ikman.lk/en/ad/suzuki-alto-2018-for-sale-kalutara-2
Suzuki Alto 2016,"100,000 km","Kalutara, Cars","Rs 3,599,000",43 days,https://ikman.lk/en/ad/suzuki-alto-2016-for-sale-kalutara-252
Suzuki Alto 800 2015,"68,945 km","Gampaha, Cars","Rs 3,250,000",43 days,https://ikman.lk/en/ad/suzuki-alto-800-2015-for-sale-gampaha-1077
Suzuki Alto 2014,"182,000 km","Colombo, Cars","Rs 3,070,000",43 days,https://ikman.lk/en/ad/suzuki-alto-2014-for-sale-colombo-1215
Suzuki Alto 800 2010,"75,612 km","Gampaha, Cars","Rs 2,595,000",44 days,https://ikman.lk/en/ad/suzuki-alto-800-2010-for-sale-gampaha-19
Suzuki Alto 800 2011,"74,651 km","Gampaha, Cars","Rs 2,695,000",44 days,https://ikman.lk/en/ad/suzuki-alto-800-2011-for-sale-gampaha-50
Suzuki Alto 800 2010,"56,745 km","Gampaha, Cars","Rs 2,595,000",45 days,https://ikman.lk/en/ad/suzuki-alto-800-2010-for-sale-gampaha-18
Suzuki Alto Japan Automatic 2004,"113,555 km","Kandy, Cars","Rs 3,450,000",45 days,https://ikman.lk/en/ad/suzuki-alto-japan-automatic-2004-for-sale-kandy
Suzuki Alto 2016,"90,000 km","Kurunegala, Cars","Rs 3,275,000",45 days,https://ikman.lk/en/ad/suzuki-alto-2016-for-sale-kurunegala-165
Suzuki Alto K10 Auto 2015,"77,000 km","Gampaha, Cars","Rs 3,800,000",46 days,https://ikman.lk/en/ad/suzuki-alto-k10-auto-2015-for-sale-gampaha-15
Suzuki Alto 2016,"96,000 km","Anuradhapura, Cars","Rs 3,400,000",46 days,https://ikman.lk/en/ad/suzuki-alto-2016-for-sale-anuradhapura-70
Suzuki Alto 800 2010,"65,894 km","Gampaha, Cars","Rs 2,595,000",47 days,https://ikman.lk/en/ad/suzuki-alto-800-2010-for-sale-gampaha-16
Suzuki Alto Japan 2004,"114,000 km","Kurunegala, Cars","Rs 3,350,000",47 days,https://ikman.lk/en/ad/suzuki-alto-japan-2004-for-sale-kurunegala-19
Suzuki Alto 800 2010,"63,251 km","Gampaha, Cars","Rs 2,595,000",48 days,https://ikman.lk/en/ad/suzuki-alto-800-2010-for-sale-gampaha-15
Suzuki Alto 800 2011,"74,234 km","Gampaha, Cars","Rs 2,695,000",48 days,https://ikman.lk/en/ad/suzuki-alto-800-2011-for-sale-gampaha-49
Suzuki Alto 2012,"71,500 km","Galle, Cars","Rs 3,308,000",48 days,https://ikman.lk/en/ad/suzuki-alto-2012-for-sale-galle-3
Suzuki Alto 800 2011,"67,123 km","Gampaha, Cars","Rs 2,595,000",49 days,https://ikman.lk/en/ad/suzuki-alto-800-2011-for-sale-gampaha-48
Suzuki Alto 800 2010,"67,123 km","Gampaha, Cars","Rs 2,595,000",49 days,https://ikman.lk/en/ad/suzuki-alto-800-2010-for-sale-gampaha-14
Suzuki Alto 2015,"163,500 km","Colombo, Cars","Rs 3,175,000",49 days,https://ikman.lk/en/ad/suzuki-alto-lxi-2015-for-sale-colombo-1367
Suzuki Alto 2015,"85,000 km","Colombo, Cars","Rs 3,190,000",50 days,https://ikman.lk/en/ad/suzuki-alto-lxi-2015-for-sale-colombo-1366
Suzuki Alto 800 2010,"64,121 km","Gampaha, Cars","Rs 2,595,000",51 days,https://ikman.lk/en/ad/suzuki-alto-800-2010-for-sale-gampaha-13
Suzuki Alto 2010,"109,200 km","Kegalle, Cars","Rs 2,500,000",53 days,https://ikman.lk/en/ad/suzuki-alto-2010-for-sale-kegalle-17
Suzuki Alto 800 2007,"62,154 km","Gampaha, Cars","Rs 2,395,000",53 days,https://ikman.lk/en/ad/suzuki-alto-800-2007-for-sale-gampaha-18
Suzuki Alto 800 2010,"64,123 km","Gampaha, Cars","Rs 2,595,000",53 days,https://ikman.lk/en/ad/suzuki-alto-800-2010-for-sale-gampaha-12
Suzuki Alto 2007,"150,000 km","Anuradhapura, Cars","Rs 2,390,000",55 days,https://ikman.lk/en/ad/suzuki-alto-2007-for-sale-anuradhapura-9
Suzuki Alto 800 2010,"53,210 km","Gampaha, Cars","Rs 2,595,000",56 days,https://ikman.lk/en/ad/suzuki-alto-800-2010-for-sale-gampaha-11
Suzuki Alto 800 2011,"62,116 km","Gampaha, Cars","Rs 2,695,000",56 days,https://ikman.lk/en/ad/suzuki-alto-800-2011-for-sale-gampaha-44
Suzuki Alto 800 2014,"84,152 km","Gampaha, Cars","Rs 3,175,000",57 days,https://ikman.lk/en/ad/suzuki-alto-800-2014-for-sale-gampaha-85
Suzuki Alto 2016,"34,960 km","Puttalam, Cars","Rs 3,650,000",58 days,https://ikman.lk/en/ad/suzuki-alto-2016-for-sale-puttalam-60
Suzuki Alto Manual 2015,"67,000 km","Gampaha, Cars","Rs 3,185,000",59 days,https://ikman.lk/en/ad/suzuki-alto-manual-2015-for-sale-gampaha
Suzuki Alto 2017,"96,000 km","Anuradhapura, Cars","Rs 6,385,000",60 days,https://ikman.lk/en/ad/suzuki-alto-2017-for-sale-anuradhapura-3
